first_name,last_name,mail,company_name,job_title
Joseph,Morgan,kylewhitaker@example.net,Tran Inc,Forest/woodland manager
Christina,Rodriguez,abuck@example.org,Herman LLC,Clinical molecular geneticist
Brandon,Cummings,andrew16@example.org,Miller-Hansen,Insurance broker
Krystal,Hicks,robert81@example.org,Hawkins-Fry,Plant breeder/geneticist
Kayla,Pearson,michaelsingh@example.net,Morales PLC,"Engineer, petroleum"
Adam,Parks,mariaavila@example.com,Mejia PLC,"Teacher, special educational needs"
Peter,Hays,lli@example.com,Woods and Sons,Child psychotherapist
Suzanne,Riley,mjohnson@example.org,May-Holloway,Insurance account manager
Emily,Singh,acostagregory@example.net,Lawrence-Fitzpatrick,Midwife
Mark,Martinez,shelleykeith@example.com,Chan PLC,Media planner
